{
    "beneficiary_dtls": [
        {
            "age": 37,
            "bref_id": "20858461960320",
            "dose1_date": "09-05-2021",
            "dose2_due_date": "06-06-2021",
            "name": "Vandana Gupta",
            "status": "Partially Vaccinated",
            "vaccine": "COVAXIN"
        }
    ],
    "fee_type": [
        "Free",
        "Paid"
    ],
    "location_dtls": [
        {
            "alert_freq": 1100,
            "district_id": 294,
            "district_name": "BBMP"
        }
    ],
    "minimum_slots": 1,
    "refresh_freq": 3,
    "search_num_days": 2,
    "search_option": 2,
    "start_date": "07-06-2021",
    "vaccine_type": "COVAXIN"
}